subj,ctrb,gender,age,formex,female,question,item,response
2N/351K,513,M,5,0,0,1,1,1
3N,513,M,5.072222222,0,0,1,1,0
6N,502,F,5.572222222,0,1,1,1,1
7N,509,F,5.280555556,0,1,1,1,0
8N,510,F,5.227777778,0,1,1,1,1
12N,501,F,5.188888889,0,1,1,1,0
13N,506,M,5.161111111,0,0,1,1,0
14N,505,M,5.294444444,0,0,1,1,1
15N,514,M,6.277777778,0,0,1,1,1
18N,514,M,6.563888889,0,0,1,1,1
19N,510,F,6.336111111,0,1,1,1,0
20N,553,M,6.380555556,0,0,1,1,1
22N,553,M,5.852777778,0,0,1,1,1
23N,555,M,6.566666667,0,0,1,1,1
24N,551,F,5.411111111,0,1,1,1,0
27N,549,F,5.413888889,0,1,1,1,1
28N,551,F,6.288888889,0,1,1,1,1
501,517,F,5.141666667,0,1,1,1,0
502,518,F,5.836111111,0,1,1,1,1
503,525,F,6.697222222,0,1,1,1,1
511,521,M,5.152777778,0,0,1,1,1
513,522,M,5.566666667,0,0,1,1,0
515,529,M,6.2,0,0,1,1,0
516,533,F,6.636111111,0,1,1,1,1
517,517,F,6.205555556,0,1,1,1,0
519,526,F,5.108333333,0,1,1,1,1
520,530,M,6.363888889,0,0,1,1,1
523,517,F,6.616666667,0,1,1,1,1
527,537,M,5.161111111,0,0,1,1,0
531,534,F,5.355555556,0,1,1,1,1
535,545,M,5.880555556,0,0,1,1,1
537,541,F,5.275,0,1,1,1,0
538,542,F,6.966666667,0,1,1,1,0
540,557,F,5.594444444,0,1,1,1,1
544,561,M,6.2,0,0,1,1,1
545,563,M,6.255555556,0,0,1,1,1
546,569,M,5.863888889,0,0,1,1,1
548,559,F,6.922222222,0,1,1,1,1
549,565,F,6.038888889,0,1,1,1,1
552,571,M,5.827777778,0,0,1,1,0
553,521,M,6.65,0,0,1,1,1
556,567,F,6.558333333,0,1,1,1,1
561,563,M,6.738888889,0,0,1,1,0
565,541,F,5.847222222,0,1,1,1,1
568,569,M,6.2,0,0,1,1,0
569,538,M,6.158333333,0,0,1,1,0
562,567,F,6.738888889,0,1,1,1,1
1N/344K,512,F,5.236111111,1,1,1,1,1
4N,504,F,5.402777778,1,1,1,1,1
5N,508,M,5.980555556,1,0,1,1,1
9N,511,F,6.455555556,1,1,1,1,1
10N,511,F,5.058333333,1,1,1,1,1
11N,511 - DUP,F,6.155555556,1,1,1,1,1
16N,507,M,6.333333333,1,0,1,1,0
17N,503,F,6.558333333,1,1,1,1,1
21N,554,M,5.277777778,1,0,1,1,0
25N,550,F,5.338888889,1,1,1,1,0
26N,556,M,5.244444444,1,0,1,1,0
504,516,M,5.566666667,1,0,1,1,0
505,519,F,6.483333333,1,1,1,1,1
506,515,M,6.833333333,1,0,1,1,1
512,524,M,5.536111111,1,0,1,1,1
514,523,M,5.783333333,1,0,1,1,0
518,520,F,6.594444444,1,1,1,1,0
521,527,F,6.647222222,1,1,1,1,1
524,528,F,6.811111111,1,1,1,1,1
525,531,M,5.261111111,1,0,1,1,0
526,532,M,6.022222222,1,0,1,1,1
528,539,M,6.119444444,1,0,1,1,1
529,520,F,5.872222222,1,1,1,1,1
530,520,F,6.038888889,1,1,1,1,1
532,535,F,5.452777778,1,1,1,1,0
533,540,M,6.227777778,1,0,1,1,0
534,543,F,6.075,1,1,1,1,1
536,535,F,6.455555556,1,1,1,1,1
539,544,F,5.294444444,1,1,1,1,1
541,544,F,6.061111111,1,1,1,1,1
542,562,M,5.858333333,1,0,1,1,1
543,558,F,5.822222222,1,1,1,1,1
547,564,M,5.152777778,1,0,1,1,1
550,560,F,6.038888889,1,1,1,1,1
551,570,M,5.188888889,1,0,1,1,1
554,568,F,5.733333333,1,1,1,1,1
555,572,M,6.447222222,1,0,1,1,0
559,547,M,5.805555556,1,0,1,1,1
560,536,F,6.483333333,1,1,1,1,0
563,566,F,6.608333333,1,1,1,1,1
564,536,F,6.802777778,1,1,1,1,1
566,566,F,5.313888889,1,1,1,1,1
567,544,F,5.875,1,1,1,1,0
2N/351K,513,M,5,0,0,2,1,0
3N,513,M,5.072222222,0,0,2,1,1
6N,502,F,5.572222222,0,1,2,1,0
7N,509,F,5.280555556,0,1,2,1,0
8N,510,F,5.227777778,0,1,2,1,1
12N,501,F,5.188888889,0,1,2,1,1
13N,506,M,5.161111111,0,0,2,1,0
14N,505,M,5.294444444,0,0,2,1,1
15N,514,M,6.277777778,0,0,2,1,1
18N,514,M,6.563888889,0,0,2,1,0
19N,510,F,6.336111111,0,1,2,1,1
20N,553,M,6.380555556,0,0,2,1,1
22N,553,M,5.852777778,0,0,2,1,0
23N,555,M,6.566666667,0,0,2,1,1
24N,551,F,5.411111111,0,1,2,1,0
27N,549,F,5.413888889,0,1,2,1,1
28N,551,F,6.288888889,0,1,2,1,1
501,517,F,5.141666667,0,1,2,1,1
502,518,F,5.836111111,0,1,2,1,1
503,525,F,6.697222222,0,1,2,1,1
511,521,M,5.152777778,0,0,2,1,1
513,522,M,5.566666667,0,0,2,1,0
515,529,M,6.2,0,0,2,1,1
516,533,F,6.636111111,0,1,2,1,0
517,517,F,6.205555556,0,1,2,1,0
519,526,F,5.108333333,0,1,2,1,1
520,530,M,6.363888889,0,0,2,1,0
523,517,F,6.616666667,0,1,2,1,1
527,537,M,5.161111111,0,0,2,1,0
531,534,F,5.355555556,0,1,2,1,1
535,545,M,5.880555556,0,0,2,1,0
537,541,F,5.275,0,1,2,1,1
538,542,F,6.966666667,0,1,2,1,0
540,557,F,5.594444444,0,1,2,1,1
544,561,M,6.2,0,0,2,1,0
545,563,M,6.255555556,0,0,2,1,1
546,569,M,5.863888889,0,0,2,1,1
548,559,F,6.922222222,0,1,2,1,1
549,565,F,6.038888889,0,1,2,1,1
552,571,M,5.827777778,0,0,2,1,1
553,521,M,6.65,0,0,2,1,0
556,567,F,6.558333333,0,1,2,1,1
561,563,M,6.738888889,0,0,2,1,0
565,541,F,5.847222222,0,1,2,1,1
568,569,M,6.2,0,0,2,1,0
569,538,M,6.158333333,0,0,2,1,1
562,567,F,6.738888889,0,1,2,1,1
1N/344K,512,F,5.236111111,1,1,2,1,0
4N,504,F,5.402777778,1,1,2,1,0
5N,508,M,5.980555556,1,0,2,1,1
9N,511,F,6.455555556,1,1,2,1,0
10N,511,F,5.058333333,1,1,2,1,0
11N,511 - DUP,F,6.155555556,1,1,2,1,0
16N,507,M,6.333333333,1,0,2,1,1
17N,503,F,6.558333333,1,1,2,1,1
21N,554,M,5.277777778,1,0,2,1,1
25N,550,F,5.338888889,1,1,2,1,1
26N,556,M,5.244444444,1,0,2,1,0
504,516,M,5.566666667,1,0,2,1,1
505,519,F,6.483333333,1,1,2,1,1
506,515,M,6.833333333,1,0,2,1,1
512,524,M,5.536111111,1,0,2,1,1
514,523,M,5.783333333,1,0,2,1,1
518,520,F,6.594444444,1,1,2,1,0
521,527,F,6.647222222,1,1,2,1,1
524,528,F,6.811111111,1,1,2,1,0
525,531,M,5.261111111,1,0,2,1,1
526,532,M,6.022222222,1,0,2,1,1
528,539,M,6.119444444,1,0,2,1,0
529,520,F,5.872222222,1,1,2,1,0
530,520,F,6.038888889,1,1,2,1,1
532,535,F,5.452777778,1,1,2,1,1
533,540,M,6.227777778,1,0,2,1,1
534,543,F,6.075,1,1,2,1,0
536,535,F,6.455555556,1,1,2,1,0
539,544,F,5.294444444,1,1,2,1,0
541,544,F,6.061111111,1,1,2,1,1
542,562,M,5.858333333,1,0,2,1,0
543,558,F,5.822222222,1,1,2,1,0
547,564,M,5.152777778,1,0,2,1,1
550,560,F,6.038888889,1,1,2,1,1
551,570,M,5.188888889,1,0,2,1,0
554,568,F,5.733333333,1,1,2,1,0
555,572,M,6.447222222,1,0,2,1,1
559,547,M,5.805555556,1,0,2,1,0
560,536,F,6.483333333,1,1,2,1,0
563,566,F,6.608333333,1,1,2,1,1
564,536,F,6.802777778,1,1,2,1,1
566,566,F,5.313888889,1,1,2,1,0
567,544,F,5.875,1,1,2,1,0
2N/351K,513,M,5,0,0,3,1,1
3N,513,M,5.072222222,0,0,3,1,0
6N,502,F,5.572222222,0,1,3,1,1
7N,509,F,5.280555556,0,1,3,1,1
8N,510,F,5.227777778,0,1,3,1,0
12N,501,F,5.188888889,0,1,3,1,0
13N,506,M,5.161111111,0,0,3,1,1
14N,505,M,5.294444444,0,0,3,1,0
15N,514,M,6.277777778,0,0,3,1,1
18N,514,M,6.563888889,0,0,3,1,1
19N,510,F,6.336111111,0,1,3,1,1
20N,553,M,6.380555556,0,0,3,1,0
22N,553,M,5.852777778,0,0,3,1,0
23N,555,M,6.566666667,0,0,3,1,0
24N,551,F,5.411111111,0,1,3,1,1
27N,549,F,5.413888889,0,1,3,1,1
28N,551,F,6.288888889,0,1,3,1,1
501,517,F,5.141666667,0,1,3,1,1
502,518,F,5.836111111,0,1,3,1,0
503,525,F,6.697222222,0,1,3,1,0
511,521,M,5.152777778,0,0,3,1,1
513,522,M,5.566666667,0,0,3,1,0
515,529,M,6.2,0,0,3,1,1
516,533,F,6.636111111,0,1,3,1,1
517,517,F,6.205555556,0,1,3,1,1
519,526,F,5.108333333,0,1,3,1,0
520,530,M,6.363888889,0,0,3,1,1
523,517,F,6.616666667,0,1,3,1,1
527,537,M,5.161111111,0,0,3,1,0
531,534,F,5.355555556,0,1,3,1,0
535,545,M,5.880555556,0,0,3,1,1
537,541,F,5.275,0,1,3,1,0
538,542,F,6.966666667,0,1,3,1,0
540,557,F,5.594444444,0,1,3,1,1
544,561,M,6.2,0,0,3,1,1
545,563,M,6.255555556,0,0,3,1,1
546,569,M,5.863888889,0,0,3,1,1
548,559,F,6.922222222,0,1,3,1,1
549,565,F,6.038888889,0,1,3,1,1
552,571,M,5.827777778,0,0,3,1,0
553,521,M,6.65,0,0,3,1,1
556,567,F,6.558333333,0,1,3,1,0
561,563,M,6.738888889,0,0,3,1,1
565,541,F,5.847222222,0,1,3,1,1
568,569,M,6.2,0,0,3,1,1
569,538,M,6.158333333,0,0,3,1,0
562,567,F,6.738888889,0,1,3,1,1
1N/344K,512,F,5.236111111,1,1,3,1,1
4N,504,F,5.402777778,1,1,3,1,0
5N,508,M,5.980555556,1,0,3,1,1
9N,511,F,6.455555556,1,1,3,1,0
10N,511,F,5.058333333,1,1,3,1,1
11N,511 - DUP,F,6.155555556,1,1,3,1,1
16N,507,M,6.333333333,1,0,3,1,0
17N,503,F,6.558333333,1,1,3,1,0
21N,554,M,5.277777778,1,0,3,1,1
25N,550,F,5.338888889,1,1,3,1,0
26N,556,M,5.244444444,1,0,3,1,1
504,516,M,5.566666667,1,0,3,1,0
505,519,F,6.483333333,1,1,3,1,0
506,515,M,6.833333333,1,0,3,1,1
512,524,M,5.536111111,1,0,3,1,1
514,523,M,5.783333333,1,0,3,1,1
518,520,F,6.594444444,1,1,3,1,1
521,527,F,6.647222222,1,1,3,1,0
524,528,F,6.811111111,1,1,3,1,0
525,531,M,5.261111111,1,0,3,1,0
526,532,M,6.022222222,1,0,3,1,1
528,539,M,6.119444444,1,0,3,1,0
529,520,F,5.872222222,1,1,3,1,1
530,520,F,6.038888889,1,1,3,1,1
532,535,F,5.452777778,1,1,3,1,1
533,540,M,6.227777778,1,0,3,1,0
534,543,F,6.075,1,1,3,1,1
536,535,F,6.455555556,1,1,3,1,0
539,544,F,5.294444444,1,1,3,1,1
541,544,F,6.061111111,1,1,3,1,1
542,562,M,5.858333333,1,0,3,1,1
543,558,F,5.822222222,1,1,3,1,1
547,564,M,5.152777778,1,0,3,1,1
550,560,F,6.038888889,1,1,3,1,1
551,570,M,5.188888889,1,0,3,1,1
554,568,F,5.733333333,1,1,3,1,1
555,572,M,6.447222222,1,0,3,1,1
559,547,M,5.805555556,1,0,3,1,0
560,536,F,6.483333333,1,1,3,1,1
563,566,F,6.608333333,1,1,3,1,1
564,536,F,6.802777778,1,1,3,1,1
566,566,F,5.313888889,1,1,3,1,0
567,544,F,5.875,1,1,3,1,0
2N/351K,513,M,5,0,0,4,1,1
3N,513,M,5.072222222,0,0,4,1,1
6N,502,F,5.572222222,0,1,4,1,0
7N,509,F,5.280555556,0,1,4,1,1
8N,510,F,5.227777778,0,1,4,1,1
12N,501,F,5.188888889,0,1,4,1,0
13N,506,M,5.161111111,0,0,4,1,1
14N,505,M,5.294444444,0,0,4,1,0
15N,514,M,6.277777778,0,0,4,1,0
18N,514,M,6.563888889,0,0,4,1,1
19N,510,F,6.336111111,0,1,4,1,0
20N,553,M,6.380555556,0,0,4,1,1
22N,553,M,5.852777778,0,0,4,1,1
23N,555,M,6.566666667,0,0,4,1,1
24N,551,F,5.411111111,0,1,4,1,0
27N,549,F,5.413888889,0,1,4,1,0
28N,551,F,6.288888889,0,1,4,1,0
501,517,F,5.141666667,0,1,4,1,1
502,518,F,5.836111111,0,1,4,1,0
503,525,F,6.697222222,0,1,4,1,0
511,521,M,5.152777778,0,0,4,1,0
513,522,M,5.566666667,0,0,4,1,1
515,529,M,6.2,0,0,4,1,1
516,533,F,6.636111111,0,1,4,1,0
517,517,F,6.205555556,0,1,4,1,1
519,526,F,5.108333333,0,1,4,1,0
520,530,M,6.363888889,0,0,4,1,1
523,517,F,6.616666667,0,1,4,1,1
527,537,M,5.161111111,0,0,4,1,0
531,534,F,5.355555556,0,1,4,1,1
535,545,M,5.880555556,0,0,4,1,1
537,541,F,5.275,0,1,4,1,1
538,542,F,6.966666667,0,1,4,1,0
540,557,F,5.594444444,0,1,4,1,1
544,561,M,6.2,0,0,4,1,0
545,563,M,6.255555556,0,0,4,1,1
546,569,M,5.863888889,0,0,4,1,0
548,559,F,6.922222222,0,1,4,1,0
549,565,F,6.038888889,0,1,4,1,0
552,571,M,5.827777778,0,0,4,1,0
553,521,M,6.65,0,0,4,1,1
556,567,F,6.558333333,0,1,4,1,1
561,563,M,6.738888889,0,0,4,1,1
565,541,F,5.847222222,0,1,4,1,1
568,569,M,6.2,0,0,4,1,1
569,538,M,6.158333333,0,0,4,1,0
562,567,F,6.738888889,0,1,4,1,1
1N/344K,512,F,5.236111111,1,1,4,1,0
4N,504,F,5.402777778,1,1,4,1,1
5N,508,M,5.980555556,1,0,4,1,0
9N,511,F,6.455555556,1,1,4,1,0
10N,511,F,5.058333333,1,1,4,1,1
11N,511 - DUP,F,6.155555556,1,1,4,1,1
16N,507,M,6.333333333,1,0,4,1,0
17N,503,F,6.558333333,1,1,4,1,0
21N,554,M,5.277777778,1,0,4,1,0
25N,550,F,5.338888889,1,1,4,1,0
26N,556,M,5.244444444,1,0,4,1,1
504,516,M,5.566666667,1,0,4,1,1
505,519,F,6.483333333,1,1,4,1,1
506,515,M,6.833333333,1,0,4,1,1
512,524,M,5.536111111,1,0,4,1,1
514,523,M,5.783333333,1,0,4,1,1
518,520,F,6.594444444,1,1,4,1,0
521,527,F,6.647222222,1,1,4,1,0
524,528,F,6.811111111,1,1,4,1,0
525,531,M,5.261111111,1,0,4,1,1
526,532,M,6.022222222,1,0,4,1,1
528,539,M,6.119444444,1,0,4,1,0
529,520,F,5.872222222,1,1,4,1,1
530,520,F,6.038888889,1,1,4,1,1
532,535,F,5.452777778,1,1,4,1,0
533,540,M,6.227777778,1,0,4,1,1
534,543,F,6.075,1,1,4,1,1
536,535,F,6.455555556,1,1,4,1,1
539,544,F,5.294444444,1,1,4,1,1
541,544,F,6.061111111,1,1,4,1,1
542,562,M,5.858333333,1,0,4,1,0
543,558,F,5.822222222,1,1,4,1,1
547,564,M,5.152777778,1,0,4,1,0
550,560,F,6.038888889,1,1,4,1,1
551,570,M,5.188888889,1,0,4,1,1
554,568,F,5.733333333,1,1,4,1,1
555,572,M,6.447222222,1,0,4,1,1
559,547,M,5.805555556,1,0,4,1,0
560,536,F,6.483333333,1,1,4,1,1
563,566,F,6.608333333,1,1,4,1,1
564,536,F,6.802777778,1,1,4,1,1
566,566,F,5.313888889,1,1,4,1,0
567,544,F,5.875,1,1,4,1,0
2N/351K,513,M,5,0,0,5,1,1
3N,513,M,5.072222222,0,0,5,1,1
6N,502,F,5.572222222,0,1,5,1,1
7N,509,F,5.280555556,0,1,5,1,1
8N,510,F,5.227777778,0,1,5,1,1
12N,501,F,5.188888889,0,1,5,1,0.5
13N,506,M,5.161111111,0,0,5,1,0.5
14N,505,M,5.294444444,0,0,5,1,0
15N,514,M,6.277777778,0,0,5,1,0
18N,514,M,6.563888889,0,0,5,1,0.5
19N,510,F,6.336111111,0,1,5,1,0.5
20N,553,M,6.380555556,0,0,5,1,1
22N,553,M,5.852777778,0,0,5,1,1
23N,555,M,6.566666667,0,0,5,1,1
24N,551,F,5.411111111,0,1,5,1,0
27N,549,F,5.413888889,0,1,5,1,0
28N,551,F,6.288888889,0,1,5,1,0.5
501,517,F,5.141666667,0,1,5,1,0
502,518,F,5.836111111,0,1,5,1,1
503,525,F,6.697222222,0,1,5,1,0
511,521,M,5.152777778,0,0,5,1,0
513,522,M,5.566666667,0,0,5,1,1
515,529,M,6.2,0,0,5,1,0
516,533,F,6.636111111,0,1,5,1,0.5
517,517,F,6.205555556,0,1,5,1,0
519,526,F,5.108333333,0,1,5,1,0
520,530,M,6.363888889,0,0,5,1,0
523,517,F,6.616666667,0,1,5,1,0
527,537,M,5.161111111,0,0,5,1,0
531,534,F,5.355555556,0,1,5,1,0
535,545,M,5.880555556,0,0,5,1,0
537,541,F,5.275,0,1,5,1,1
538,542,F,6.966666667,0,1,5,1,0.5
540,557,F,5.594444444,0,1,5,1,1
544,561,M,6.2,0,0,5,1,0.5
545,563,M,6.255555556,0,0,5,1,1
546,569,M,5.863888889,0,0,5,1,0
548,559,F,6.922222222,0,1,5,1,1
549,565,F,6.038888889,0,1,5,1,0.5
552,571,M,5.827777778,0,0,5,1,0.5
553,521,M,6.65,0,0,5,1,0
556,567,F,6.558333333,0,1,5,1,0
561,563,M,6.738888889,0,0,5,1,0
565,541,F,5.847222222,0,1,5,1,0
568,569,M,6.2,0,0,5,1,1
569,538,M,6.158333333,0,0,5,1,0.5
562,567,F,6.738888889,0,1,5,1,0
1N/344K,512,F,5.236111111,1,1,5,1,1
4N,504,F,5.402777778,1,1,5,1,0.5
5N,508,M,5.980555556,1,0,5,1,0.5
9N,511,F,6.455555556,1,1,5,1,1
10N,511,F,5.058333333,1,1,5,1,1
11N,511 - DUP,F,6.155555556,1,1,5,1,0
16N,507,M,6.333333333,1,0,5,1,1
17N,503,F,6.558333333,1,1,5,1,1
21N,554,M,5.277777778,1,0,5,1,0
25N,550,F,5.338888889,1,1,5,1,0
26N,556,M,5.244444444,1,0,5,1,0
504,516,M,5.566666667,1,0,5,1,0
505,519,F,6.483333333,1,1,5,1,1
506,515,M,6.833333333,1,0,5,1,1
512,524,M,5.536111111,1,0,5,1,0
514,523,M,5.783333333,1,0,5,1,0
518,520,F,6.594444444,1,1,5,1,0
521,527,F,6.647222222,1,1,5,1,1
524,528,F,6.811111111,1,1,5,1,1
525,531,M,5.261111111,1,0,5,1,0
526,532,M,6.022222222,1,0,5,1,1
528,539,M,6.119444444,1,0,5,1,0.5
529,520,F,5.872222222,1,1,5,1,0
530,520,F,6.038888889,1,1,5,1,0
532,535,F,5.452777778,1,1,5,1,1
533,540,M,6.227777778,1,0,5,1,0
534,543,F,6.075,1,1,5,1,0
536,535,F,6.455555556,1,1,5,1,0.5
539,544,F,5.294444444,1,1,5,1,1
541,544,F,6.061111111,1,1,5,1,1
542,562,M,5.858333333,1,0,5,1,1
543,558,F,5.822222222,1,1,5,1,1
547,564,M,5.152777778,1,0,5,1,1
550,560,F,6.038888889,1,1,5,1,1
551,570,M,5.188888889,1,0,5,1,0.5
554,568,F,5.733333333,1,1,5,1,0.5
555,572,M,6.447222222,1,0,5,1,0
559,547,M,5.805555556,1,0,5,1,0.5
560,536,F,6.483333333,1,1,5,1,0
563,566,F,6.608333333,1,1,5,1,1
564,536,F,6.802777778,1,1,5,1,1
566,566,F,5.313888889,1,1,5,1,0
567,544,F,5.875,1,1,5,1,0
2N/351K,513,M,5,0,0,1,2,1
3N,513,M,5.072222222,0,0,1,2,1
6N,502,F,5.572222222,0,1,1,2,1
7N,509,F,5.280555556,0,1,1,2,1
8N,510,F,5.227777778,0,1,1,2,1
12N,501,F,5.188888889,0,1,1,2,0
13N,506,M,5.161111111,0,0,1,2,1
14N,505,M,5.294444444,0,0,1,2,1
15N,514,M,6.277777778,0,0,1,2,1
18N,514,M,6.563888889,0,0,1,2,1
19N,510,F,6.336111111,0,1,1,2,1
20N,553,M,6.380555556,0,0,1,2,1
22N,553,M,5.852777778,0,0,1,2,1
23N,555,M,6.566666667,0,0,1,2,1
24N,551,F,5.411111111,0,1,1,2,0
27N,549,F,5.413888889,0,1,1,2,1
28N,551,F,6.288888889,0,1,1,2,1
501,517,F,5.141666667,0,1,1,2,1
502,518,F,5.836111111,0,1,1,2,1
503,525,F,6.697222222,0,1,1,2,0
511,521,M,5.152777778,0,0,1,2,1
513,522,M,5.566666667,0,0,1,2,0
515,529,M,6.2,0,0,1,2,1
516,533,F,6.636111111,0,1,1,2,1
517,517,F,6.205555556,0,1,1,2,1
519,526,F,5.108333333,0,1,1,2,1
520,530,M,6.363888889,0,0,1,2,0
523,517,F,6.616666667,0,1,1,2,0
527,537,M,5.161111111,0,0,1,2,1
531,534,F,5.355555556,0,1,1,2,1
535,545,M,5.880555556,0,0,1,2,1
537,541,F,5.275,0,1,1,2,1
538,542,F,6.966666667,0,1,1,2,0
540,557,F,5.594444444,0,1,1,2,1
544,561,M,6.2,0,0,1,2,1
545,563,M,6.255555556,0,0,1,2,1
546,569,M,5.863888889,0,0,1,2,0
548,559,F,6.922222222,0,1,1,2,1
549,565,F,6.038888889,0,1,1,2,1
552,571,M,5.827777778,0,0,1,2,1
553,521,M,6.65,0,0,1,2,1
556,567,F,6.558333333,0,1,1,2,1
561,563,M,6.738888889,0,0,1,2,0
565,541,F,5.847222222,0,1,1,2,1
568,569,M,6.2,0,0,1,2,0
569,538,M,6.158333333,0,0,1,2,0
562,567,F,6.738888889,0,1,1,2,0
1N/344K,512,F,5.236111111,1,1,1,2,1
4N,504,F,5.402777778,1,1,1,2,0
5N,508,M,5.980555556,1,0,1,2,1
9N,511,F,6.455555556,1,1,1,2,0
10N,511,F,5.058333333,1,1,1,2,1
11N,511 - DUP,F,6.155555556,1,1,1,2,1
16N,507,M,6.333333333,1,0,1,2,0
17N,503,F,6.558333333,1,1,1,2,1
21N,554,M,5.277777778,1,0,1,2,1
25N,550,F,5.338888889,1,1,1,2,0
26N,556,M,5.244444444,1,0,1,2,0
504,516,M,5.566666667,1,0,1,2,1
505,519,F,6.483333333,1,1,1,2,1
506,515,M,6.833333333,1,0,1,2,1
512,524,M,5.536111111,1,0,1,2,1
514,523,M,5.783333333,1,0,1,2,1
518,520,F,6.594444444,1,1,1,2,1
521,527,F,6.647222222,1,1,1,2,1
524,528,F,6.811111111,1,1,1,2,0
525,531,M,5.261111111,1,0,1,2,1
526,532,M,6.022222222,1,0,1,2,1
528,539,M,6.119444444,1,0,1,2,1
529,520,F,5.872222222,1,1,1,2,1
530,520,F,6.038888889,1,1,1,2,1
532,535,F,5.452777778,1,1,1,2,0
533,540,M,6.227777778,1,0,1,2,0
534,543,F,6.075,1,1,1,2,1
536,535,F,6.455555556,1,1,1,2,1
539,544,F,5.294444444,1,1,1,2,1
541,544,F,6.061111111,1,1,1,2,1
542,562,M,5.858333333,1,0,1,2,1
543,558,F,5.822222222,1,1,1,2,1
547,564,M,5.152777778,1,0,1,2,1
550,560,F,6.038888889,1,1,1,2,1
551,570,M,5.188888889,1,0,1,2,1
554,568,F,5.733333333,1,1,1,2,1
555,572,M,6.447222222,1,0,1,2,1
559,547,M,5.805555556,1,0,1,2,0
560,536,F,6.483333333,1,1,1,2,0
563,566,F,6.608333333,1,1,1,2,1
564,536,F,6.802777778,1,1,1,2,1
566,566,F,5.313888889,1,1,1,2,1
567,544,F,5.875,1,1,1,2,1
2N/351K,513,M,5,0,0,2,2,1
3N,513,M,5.072222222,0,0,2,2,1
6N,502,F,5.572222222,0,1,2,2,0
7N,509,F,5.280555556,0,1,2,2,1
8N,510,F,5.227777778,0,1,2,2,0
12N,501,F,5.188888889,0,1,2,2,1
13N,506,M,5.161111111,0,0,2,2,0
14N,505,M,5.294444444,0,0,2,2,1
15N,514,M,6.277777778,0,0,2,2,1
18N,514,M,6.563888889,0,0,2,2,0
19N,510,F,6.336111111,0,1,2,2,1
20N,553,M,6.380555556,0,0,2,2,1
22N,553,M,5.852777778,0,0,2,2,1
23N,555,M,6.566666667,0,0,2,2,1
24N,551,F,5.411111111,0,1,2,2,0
27N,549,F,5.413888889,0,1,2,2,1
28N,551,F,6.288888889,0,1,2,2,1
501,517,F,5.141666667,0,1,2,2,1
502,518,F,5.836111111,0,1,2,2,1
503,525,F,6.697222222,0,1,2,2,1
511,521,M,5.152777778,0,0,2,2,1
513,522,M,5.566666667,0,0,2,2,0
515,529,M,6.2,0,0,2,2,0
516,533,F,6.636111111,0,1,2,2,0
517,517,F,6.205555556,0,1,2,2,1
519,526,F,5.108333333,0,1,2,2,1
520,530,M,6.363888889,0,0,2,2,1
523,517,F,6.616666667,0,1,2,2,1
527,537,M,5.161111111,0,0,2,2,1
531,534,F,5.355555556,0,1,2,2,1
535,545,M,5.880555556,0,0,2,2,0
537,541,F,5.275,0,1,2,2,0
538,542,F,6.966666667,0,1,2,2,1
540,557,F,5.594444444,0,1,2,2,1
544,561,M,6.2,0,0,2,2,0
545,563,M,6.255555556,0,0,2,2,1
546,569,M,5.863888889,0,0,2,2,0
548,559,F,6.922222222,0,1,2,2,1
549,565,F,6.038888889,0,1,2,2,1
552,571,M,5.827777778,0,0,2,2,0
553,521,M,6.65,0,0,2,2,0
556,567,F,6.558333333,0,1,2,2,1
561,563,M,6.738888889,0,0,2,2,0
565,541,F,5.847222222,0,1,2,2,1
568,569,M,6.2,0,0,2,2,1
569,538,M,6.158333333,0,0,2,2,1
562,567,F,6.738888889,0,1,2,2,1
1N/344K,512,F,5.236111111,1,1,2,2,0
4N,504,F,5.402777778,1,1,2,2,1
5N,508,M,5.980555556,1,0,2,2,1
9N,511,F,6.455555556,1,1,2,2,1
10N,511,F,5.058333333,1,1,2,2,1
11N,511 - DUP,F,6.155555556,1,1,2,2,1
16N,507,M,6.333333333,1,0,2,2,1
17N,503,F,6.558333333,1,1,2,2,1
21N,554,M,5.277777778,1,0,2,2,0
25N,550,F,5.338888889,1,1,2,2,1
26N,556,M,5.244444444,1,0,2,2,1
504,516,M,5.566666667,1,0,2,2,0
505,519,F,6.483333333,1,1,2,2,0
506,515,M,6.833333333,1,0,2,2,1
512,524,M,5.536111111,1,0,2,2,1
514,523,M,5.783333333,1,0,2,2,1
518,520,F,6.594444444,1,1,2,2,1
521,527,F,6.647222222,1,1,2,2,1
524,528,F,6.811111111,1,1,2,2,0
525,531,M,5.261111111,1,0,2,2,1
526,532,M,6.022222222,1,0,2,2,1
528,539,M,6.119444444,1,0,2,2,1
529,520,F,5.872222222,1,1,2,2,1
530,520,F,6.038888889,1,1,2,2,1
532,535,F,5.452777778,1,1,2,2,1
533,540,M,6.227777778,1,0,2,2,1
534,543,F,6.075,1,1,2,2,0
536,535,F,6.455555556,1,1,2,2,0
539,544,F,5.294444444,1,1,2,2,1
541,544,F,6.061111111,1,1,2,2,1
542,562,M,5.858333333,1,0,2,2,1
543,558,F,5.822222222,1,1,2,2,0
547,564,M,5.152777778,1,0,2,2,1
550,560,F,6.038888889,1,1,2,2,1
551,570,M,5.188888889,1,0,2,2,0
554,568,F,5.733333333,1,1,2,2,1
555,572,M,6.447222222,1,0,2,2,1
559,547,M,5.805555556,1,0,2,2,1
560,536,F,6.483333333,1,1,2,2,0
563,566,F,6.608333333,1,1,2,2,1
564,536,F,6.802777778,1,1,2,2,1
566,566,F,5.313888889,1,1,2,2,1
567,544,F,5.875,1,1,2,2,0
2N/351K,513,M,5,0,0,3,2,1
3N,513,M,5.072222222,0,0,3,2,0
6N,502,F,5.572222222,0,1,3,2,1
7N,509,F,5.280555556,0,1,3,2,1
8N,510,F,5.227777778,0,1,3,2,0
12N,501,F,5.188888889,0,1,3,2,0
13N,506,M,5.161111111,0,0,3,2,1
14N,505,M,5.294444444,0,0,3,2,0
15N,514,M,6.277777778,0,0,3,2,1
18N,514,M,6.563888889,0,0,3,2,0
19N,510,F,6.336111111,0,1,3,2,1
20N,553,M,6.380555556,0,0,3,2,0
22N,553,M,5.852777778,0,0,3,2,1
23N,555,M,6.566666667,0,0,3,2,0
24N,551,F,5.411111111,0,1,3,2,0
27N,549,F,5.413888889,0,1,3,2,1
28N,551,F,6.288888889,0,1,3,2,1
501,517,F,5.141666667,0,1,3,2,1
502,518,F,5.836111111,0,1,3,2,1
503,525,F,6.697222222,0,1,3,2,0
511,521,M,5.152777778,0,0,3,2,1
513,522,M,5.566666667,0,0,3,2,0
515,529,M,6.2,0,0,3,2,1
516,533,F,6.636111111,0,1,3,2,1
517,517,F,6.205555556,0,1,3,2,1
519,526,F,5.108333333,0,1,3,2,1
520,530,M,6.363888889,0,0,3,2,1
523,517,F,6.616666667,0,1,3,2,0
527,537,M,5.161111111,0,0,3,2,1
531,534,F,5.355555556,0,1,3,2,0
535,545,M,5.880555556,0,0,3,2,1
537,541,F,5.275,0,1,3,2,1
538,542,F,6.966666667,0,1,3,2,1
540,557,F,5.594444444,0,1,3,2,1
544,561,M,6.2,0,0,3,2,1
545,563,M,6.255555556,0,0,3,2,1
546,569,M,5.863888889,0,0,3,2,1
548,559,F,6.922222222,0,1,3,2,0
549,565,F,6.038888889,0,1,3,2,1
552,571,M,5.827777778,0,0,3,2,0
553,521,M,6.65,0,0,3,2,1
556,567,F,6.558333333,0,1,3,2,0
561,563,M,6.738888889,0,0,3,2,0
565,541,F,5.847222222,0,1,3,2,0
568,569,M,6.2,0,0,3,2,0
569,538,M,6.158333333,0,0,3,2,1
562,567,F,6.738888889,0,1,3,2,1
1N/344K,512,F,5.236111111,1,1,3,2,1
4N,504,F,5.402777778,1,1,3,2,0
5N,508,M,5.980555556,1,0,3,2,1
9N,511,F,6.455555556,1,1,3,2,0
10N,511,F,5.058333333,1,1,3,2,1
11N,511 - DUP,F,6.155555556,1,1,3,2,1
16N,507,M,6.333333333,1,0,3,2,0
17N,503,F,6.558333333,1,1,3,2,1
21N,554,M,5.277777778,1,0,3,2,0
25N,550,F,5.338888889,1,1,3,2,0
26N,556,M,5.244444444,1,0,3,2,0
504,516,M,5.566666667,1,0,3,2,0
505,519,F,6.483333333,1,1,3,2,1
506,515,M,6.833333333,1,0,3,2,1
512,524,M,5.536111111,1,0,3,2,1
514,523,M,5.783333333,1,0,3,2,0
518,520,F,6.594444444,1,1,3,2,1
521,527,F,6.647222222,1,1,3,2,1
524,528,F,6.811111111,1,1,3,2,1
525,531,M,5.261111111,1,0,3,2,0
526,532,M,6.022222222,1,0,3,2,1
528,539,M,6.119444444,1,0,3,2,1
529,520,F,5.872222222,1,1,3,2,1
530,520,F,6.038888889,1,1,3,2,1
532,535,F,5.452777778,1,1,3,2,1
533,540,M,6.227777778,1,0,3,2,1
534,543,F,6.075,1,1,3,2,1
536,535,F,6.455555556,1,1,3,2,1
539,544,F,5.294444444,1,1,3,2,1
541,544,F,6.061111111,1,1,3,2,0
542,562,M,5.858333333,1,0,3,2,1
543,558,F,5.822222222,1,1,3,2,1
547,564,M,5.152777778,1,0,3,2,1
550,560,F,6.038888889,1,1,3,2,1
551,570,M,5.188888889,1,0,3,2,1
554,568,F,5.733333333,1,1,3,2,1
555,572,M,6.447222222,1,0,3,2,1
559,547,M,5.805555556,1,0,3,2,1
560,536,F,6.483333333,1,1,3,2,0
563,566,F,6.608333333,1,1,3,2,0
564,536,F,6.802777778,1,1,3,2,1
566,566,F,5.313888889,1,1,3,2,0
567,544,F,5.875,1,1,3,2,0
2N/351K,513,M,5,0,0,4,2,1
3N,513,M,5.072222222,0,0,4,2,0
6N,502,F,5.572222222,0,1,4,2,0
7N,509,F,5.280555556,0,1,4,2,1
8N,510,F,5.227777778,0,1,4,2,0
12N,501,F,5.188888889,0,1,4,2,0
13N,506,M,5.161111111,0,0,4,2,1
14N,505,M,5.294444444,0,0,4,2,0
15N,514,M,6.277777778,0,0,4,2,0
18N,514,M,6.563888889,0,0,4,2,1
19N,510,F,6.336111111,0,1,4,2,1
20N,553,M,6.380555556,0,0,4,2,1
22N,553,M,5.852777778,0,0,4,2,1
23N,555,M,6.566666667,0,0,4,2,1
24N,551,F,5.411111111,0,1,4,2,1
27N,549,F,5.413888889,0,1,4,2,0
28N,551,F,6.288888889,0,1,4,2,0
501,517,F,5.141666667,0,1,4,2,1
502,518,F,5.836111111,0,1,4,2,1
503,525,F,6.697222222,0,1,4,2,0
511,521,M,5.152777778,0,0,4,2,0
513,522,M,5.566666667,0,0,4,2,0
515,529,M,6.2,0,0,4,2,1
516,533,F,6.636111111,0,1,4,2,1
517,517,F,6.205555556,0,1,4,2,1
519,526,F,5.108333333,0,1,4,2,0
520,530,M,6.363888889,0,0,4,2,1
523,517,F,6.616666667,0,1,4,2,1
527,537,M,5.161111111,0,0,4,2,1
531,534,F,5.355555556,0,1,4,2,1
535,545,M,5.880555556,0,0,4,2,0
537,541,F,5.275,0,1,4,2,0
538,542,F,6.966666667,0,1,4,2,0
540,557,F,5.594444444,0,1,4,2,1
544,561,M,6.2,0,0,4,2,0
545,563,M,6.255555556,0,0,4,2,1
546,569,M,5.863888889,0,0,4,2,1
548,559,F,6.922222222,0,1,4,2,0
549,565,F,6.038888889,0,1,4,2,0
552,571,M,5.827777778,0,0,4,2,0
553,521,M,6.65,0,0,4,2,1
556,567,F,6.558333333,0,1,4,2,1
561,563,M,6.738888889,0,0,4,2,1
565,541,F,5.847222222,0,1,4,2,1
568,569,M,6.2,0,0,4,2,1
569,538,M,6.158333333,0,0,4,2,1
562,567,F,6.738888889,0,1,4,2,1
1N/344K,512,F,5.236111111,1,1,4,2,0
4N,504,F,5.402777778,1,1,4,2,1
5N,508,M,5.980555556,1,0,4,2,0
9N,511,F,6.455555556,1,1,4,2,0
10N,511,F,5.058333333,1,1,4,2,1
11N,511 - DUP,F,6.155555556,1,1,4,2,1
16N,507,M,6.333333333,1,0,4,2,1
17N,503,F,6.558333333,1,1,4,2,1
21N,554,M,5.277777778,1,0,4,2,1
25N,550,F,5.338888889,1,1,4,2,1
26N,556,M,5.244444444,1,0,4,2,0
504,516,M,5.566666667,1,0,4,2,1
505,519,F,6.483333333,1,1,4,2,1
506,515,M,6.833333333,1,0,4,2,1
512,524,M,5.536111111,1,0,4,2,1
514,523,M,5.783333333,1,0,4,2,1
518,520,F,6.594444444,1,1,4,2,1
521,527,F,6.647222222,1,1,4,2,1
524,528,F,6.811111111,1,1,4,2,0
525,531,M,5.261111111,1,0,4,2,1
526,532,M,6.022222222,1,0,4,2,1
528,539,M,6.119444444,1,0,4,2,1
529,520,F,5.872222222,1,1,4,2,1
530,520,F,6.038888889,1,1,4,2,1
532,535,F,5.452777778,1,1,4,2,1
533,540,M,6.227777778,1,0,4,2,1
534,543,F,6.075,1,1,4,2,1
536,535,F,6.455555556,1,1,4,2,1
539,544,F,5.294444444,1,1,4,2,1
541,544,F,6.061111111,1,1,4,2,1
542,562,M,5.858333333,1,0,4,2,0
543,558,F,5.822222222,1,1,4,2,1
547,564,M,5.152777778,1,0,4,2,1
550,560,F,6.038888889,1,1,4,2,0
551,570,M,5.188888889,1,0,4,2,1
554,568,F,5.733333333,1,1,4,2,1
555,572,M,6.447222222,1,0,4,2,1
559,547,M,5.805555556,1,0,4,2,1
560,536,F,6.483333333,1,1,4,2,1
563,566,F,6.608333333,1,1,4,2,1
564,536,F,6.802777778,1,1,4,2,1
566,566,F,5.313888889,1,1,4,2,1
567,544,F,5.875,1,1,4,2,0
2N/351K,513,M,5,0,0,5,2,1
3N,513,M,5.072222222,0,0,5,2,0.5
6N,502,F,5.572222222,0,1,5,2,1
7N,509,F,5.280555556,0,1,5,2,0
8N,510,F,5.227777778,0,1,5,2,0
12N,501,F,5.188888889,0,1,5,2,0
13N,506,M,5.161111111,0,0,5,2,0.5
14N,505,M,5.294444444,0,0,5,2,0
15N,514,M,6.277777778,0,0,5,2,0
18N,514,M,6.563888889,0,0,5,2,0.5
19N,510,F,6.336111111,0,1,5,2,1
20N,553,M,6.380555556,0,0,5,2,1
22N,553,M,5.852777778,0,0,5,2,0.5
23N,555,M,6.566666667,0,0,5,2,0.5
24N,551,F,5.411111111,0,1,5,2,1
27N,549,F,5.413888889,0,1,5,2,1
28N,551,F,6.288888889,0,1,5,2,0.5
501,517,F,5.141666667,0,1,5,2,0
502,518,F,5.836111111,0,1,5,2,0
503,525,F,6.697222222,0,1,5,2,0.5
511,521,M,5.152777778,0,0,5,2,1
513,522,M,5.566666667,0,0,5,2,0
515,529,M,6.2,0,0,5,2,0
516,533,F,6.636111111,0,1,5,2,1
517,517,F,6.205555556,0,1,5,2,0
519,526,F,5.108333333,0,1,5,2,0.5
520,530,M,6.363888889,0,0,5,2,0
523,517,F,6.616666667,0,1,5,2,0.5
527,537,M,5.161111111,0,0,5,2,1
531,534,F,5.355555556,0,1,5,2,0.5
535,545,M,5.880555556,0,0,5,2,0
537,541,F,5.275,0,1,5,2,0.5
538,542,F,6.966666667,0,1,5,2,0.5
540,557,F,5.594444444,0,1,5,2,0.5
544,561,M,6.2,0,0,5,2,0.5
545,563,M,6.255555556,0,0,5,2,1
546,569,M,5.863888889,0,0,5,2,1
548,559,F,6.922222222,0,1,5,2,1
549,565,F,6.038888889,0,1,5,2,0
552,571,M,5.827777778,0,0,5,2,1
553,521,M,6.65,0,0,5,2,0.5
556,567,F,6.558333333,0,1,5,2,0
561,563,M,6.738888889,0,0,5,2,1
565,541,F,5.847222222,0,1,5,2,0
568,569,M,6.2,0,0,5,2,0.5
569,538,M,6.158333333,0,0,5,2,0
562,567,F,6.738888889,0,1,5,2,0.5
1N/344K,512,F,5.236111111,1,1,5,2,0.5
4N,504,F,5.402777778,1,1,5,2,0.5
5N,508,M,5.980555556,1,0,5,2,0.5
9N,511,F,6.455555556,1,1,5,2,0.5
10N,511,F,5.058333333,1,1,5,2,1
11N,511 - DUP,F,6.155555556,1,1,5,2,1
16N,507,M,6.333333333,1,0,5,2,0.5
17N,503,F,6.558333333,1,1,5,2,0
21N,554,M,5.277777778,1,0,5,2,0.5
25N,550,F,5.338888889,1,1,5,2,1
26N,556,M,5.244444444,1,0,5,2,0.5
504,516,M,5.566666667,1,0,5,2,0
505,519,F,6.483333333,1,1,5,2,0.5
506,515,M,6.833333333,1,0,5,2,1
512,524,M,5.536111111,1,0,5,2,0
514,523,M,5.783333333,1,0,5,2,0.5
518,520,F,6.594444444,1,1,5,2,1
521,527,F,6.647222222,1,1,5,2,1
524,528,F,6.811111111,1,1,5,2,1
525,531,M,5.261111111,1,0,5,2,0
526,532,M,6.022222222,1,0,5,2,1
528,539,M,6.119444444,1,0,5,2,1
529,520,F,5.872222222,1,1,5,2,0
530,520,F,6.038888889,1,1,5,2,0
532,535,F,5.452777778,1,1,5,2,1
533,540,M,6.227777778,1,0,5,2,0.5
534,543,F,6.075,1,1,5,2,1
536,535,F,6.455555556,1,1,5,2,0.5
539,544,F,5.294444444,1,1,5,2,1
541,544,F,6.061111111,1,1,5,2,1
542,562,M,5.858333333,1,0,5,2,0.5
543,558,F,5.822222222,1,1,5,2,0.5
547,564,M,5.152777778,1,0,5,2,0
550,560,F,6.038888889,1,1,5,2,0.5
551,570,M,5.188888889,1,0,5,2,1
554,568,F,5.733333333,1,1,5,2,1
555,572,M,6.447222222,1,0,5,2,0
559,547,M,5.805555556,1,0,5,2,1
560,536,F,6.483333333,1,1,5,2,0.5
563,566,F,6.608333333,1,1,5,2,1
564,536,F,6.802777778,1,1,5,2,0.5
566,566,F,5.313888889,1,1,5,2,0
567,544,F,5.875,1,1,5,2,1
2N/351K,513,M,5,0,0,1,3,1
3N,513,M,5.072222222,0,0,1,3,0
6N,502,F,5.572222222,0,1,1,3,0
7N,509,F,5.280555556,0,1,1,3,0
8N,510,F,5.227777778,0,1,1,3,0
12N,501,F,5.188888889,0,1,1,3,0
13N,506,M,5.161111111,0,0,1,3,0
14N,505,M,5.294444444,0,0,1,3,1
15N,514,M,6.277777778,0,0,1,3,1
18N,514,M,6.563888889,0,0,1,3,0
19N,510,F,6.336111111,0,1,1,3,0
20N,553,M,6.380555556,0,0,1,3,1
22N,553,M,5.852777778,0,0,1,3,0
23N,555,M,6.566666667,0,0,1,3,1
24N,551,F,5.411111111,0,1,1,3,0
27N,549,F,5.413888889,0,1,1,3,1
28N,551,F,6.288888889,0,1,1,3,1
501,517,F,5.141666667,0,1,1,3,1
502,518,F,5.836111111,0,1,1,3,0
503,525,F,6.697222222,0,1,1,3,0
511,521,M,5.152777778,0,0,1,3,1
513,522,M,5.566666667,0,0,1,3,0
515,529,M,6.2,0,0,1,3,0
516,533,F,6.636111111,0,1,1,3,1
517,517,F,6.205555556,0,1,1,3,1
519,526,F,5.108333333,0,1,1,3,1
520,530,M,6.363888889,0,0,1,3,0
523,517,F,6.616666667,0,1,1,3,1
527,537,M,5.161111111,0,0,1,3,0
531,534,F,5.355555556,0,1,1,3,1
535,545,M,5.880555556,0,0,1,3,0
537,541,F,5.275,0,1,1,3,0
538,542,F,6.966666667,0,1,1,3,0
540,557,F,5.594444444,0,1,1,3,1
544,561,M,6.2,0,0,1,3,1
545,563,M,6.255555556,0,0,1,3,0
546,569,M,5.863888889,0,0,1,3,1
548,559,F,6.922222222,0,1,1,3,1
549,565,F,6.038888889,0,1,1,3,1
552,571,M,5.827777778,0,0,1,3,0
553,521,M,6.65,0,0,1,3,1
556,567,F,6.558333333,0,1,1,3,1
561,563,M,6.738888889,0,0,1,3,1
565,541,F,5.847222222,0,1,1,3,1
568,569,M,6.2,0,0,1,3,1
569,538,M,6.158333333,0,0,1,3,0
562,567,F,6.738888889,0,1,1,3,1
1N/344K,512,F,5.236111111,1,1,1,3,1
4N,504,F,5.402777778,1,1,1,3,1
5N,508,M,5.980555556,1,0,1,3,1
9N,511,F,6.455555556,1,1,1,3,1
10N,511,F,5.058333333,1,1,1,3,1
11N,511 - DUP,F,6.155555556,1,1,1,3,0
16N,507,M,6.333333333,1,0,1,3,0
17N,503,F,6.558333333,1,1,1,3,1
21N,554,M,5.277777778,1,0,1,3,0
25N,550,F,5.338888889,1,1,1,3,0
26N,556,M,5.244444444,1,0,1,3,0
504,516,M,5.566666667,1,0,1,3,1
505,519,F,6.483333333,1,1,1,3,1
506,515,M,6.833333333,1,0,1,3,1
512,524,M,5.536111111,1,0,1,3,1
514,523,M,5.783333333,1,0,1,3,0
518,520,F,6.594444444,1,1,1,3,1
521,527,F,6.647222222,1,1,1,3,1
524,528,F,6.811111111,1,1,1,3,1
525,531,M,5.261111111,1,0,1,3,0
526,532,M,6.022222222,1,0,1,3,1
528,539,M,6.119444444,1,0,1,3,1
529,520,F,5.872222222,1,1,1,3,1
530,520,F,6.038888889,1,1,1,3,1
532,535,F,5.452777778,1,1,1,3,0
533,540,M,6.227777778,1,0,1,3,0
534,543,F,6.075,1,1,1,3,1
536,535,F,6.455555556,1,1,1,3,1
539,544,F,5.294444444,1,1,1,3,0
541,544,F,6.061111111,1,1,1,3,1
542,562,M,5.858333333,1,0,1,3,0
543,558,F,5.822222222,1,1,1,3,1
547,564,M,5.152777778,1,0,1,3,1
550,560,F,6.038888889,1,1,1,3,1
551,570,M,5.188888889,1,0,1,3,1
554,568,F,5.733333333,1,1,1,3,0
555,572,M,6.447222222,1,0,1,3,1
559,547,M,5.805555556,1,0,1,3,0
560,536,F,6.483333333,1,1,1,3,0
563,566,F,6.608333333,1,1,1,3,1
564,536,F,6.802777778,1,1,1,3,1
566,566,F,5.313888889,1,1,1,3,1
567,544,F,5.875,1,1,1,3,1
2N/351K,513,M,5,0,0,2,3,1
3N,513,M,5.072222222,0,0,2,3,1
6N,502,F,5.572222222,0,1,2,3,0
7N,509,F,5.280555556,0,1,2,3,1
8N,510,F,5.227777778,0,1,2,3,0
12N,501,F,5.188888889,0,1,2,3,0
13N,506,M,5.161111111,0,0,2,3,1
14N,505,M,5.294444444,0,0,2,3,0
15N,514,M,6.277777778,0,0,2,3,1
18N,514,M,6.563888889,0,0,2,3,0
19N,510,F,6.336111111,0,1,2,3,1
20N,553,M,6.380555556,0,0,2,3,1
22N,553,M,5.852777778,0,0,2,3,0
23N,555,M,6.566666667,0,0,2,3,1
24N,551,F,5.411111111,0,1,2,3,0
27N,549,F,5.413888889,0,1,2,3,1
28N,551,F,6.288888889,0,1,2,3,1
501,517,F,5.141666667,0,1,2,3,1
502,518,F,5.836111111,0,1,2,3,1
503,525,F,6.697222222,0,1,2,3,0
511,521,M,5.152777778,0,0,2,3,1
513,522,M,5.566666667,0,0,2,3,0
515,529,M,6.2,0,0,2,3,1
516,533,F,6.636111111,0,1,2,3,0
517,517,F,6.205555556,0,1,2,3,0
519,526,F,5.108333333,0,1,2,3,1
520,530,M,6.363888889,0,0,2,3,1
523,517,F,6.616666667,0,1,2,3,1
527,537,M,5.161111111,0,0,2,3,0
531,534,F,5.355555556,0,1,2,3,1
535,545,M,5.880555556,0,0,2,3,0
537,541,F,5.275,0,1,2,3,0
538,542,F,6.966666667,0,1,2,3,1
540,557,F,5.594444444,0,1,2,3,1
544,561,M,6.2,0,0,2,3,1
545,563,M,6.255555556,0,0,2,3,1
546,569,M,5.863888889,0,0,2,3,1
548,559,F,6.922222222,0,1,2,3,1
549,565,F,6.038888889,0,1,2,3,1
552,571,M,5.827777778,0,0,2,3,1
553,521,M,6.65,0,0,2,3,0
556,567,F,6.558333333,0,1,2,3,1
561,563,M,6.738888889,0,0,2,3,0
565,541,F,5.847222222,0,1,2,3,1
568,569,M,6.2,0,0,2,3,1
569,538,M,6.158333333,0,0,2,3,1
562,567,F,6.738888889,0,1,2,3,1
1N/344K,512,F,5.236111111,1,1,2,3,0
4N,504,F,5.402777778,1,1,2,3,0
5N,508,M,5.980555556,1,0,2,3,1
9N,511,F,6.455555556,1,1,2,3,0
10N,511,F,5.058333333,1,1,2,3,0
11N,511 - DUP,F,6.155555556,1,1,2,3,1
16N,507,M,6.333333333,1,0,2,3,1
17N,503,F,6.558333333,1,1,2,3,1
21N,554,M,5.277777778,1,0,2,3,0
25N,550,F,5.338888889,1,1,2,3,0
26N,556,M,5.244444444,1,0,2,3,1
504,516,M,5.566666667,1,0,2,3,1
505,519,F,6.483333333,1,1,2,3,1
506,515,M,6.833333333,1,0,2,3,1
512,524,M,5.536111111,1,0,2,3,1
514,523,M,5.783333333,1,0,2,3,1
518,520,F,6.594444444,1,1,2,3,1
521,527,F,6.647222222,1,1,2,3,1
524,528,F,6.811111111,1,1,2,3,0
525,531,M,5.261111111,1,0,2,3,0
526,532,M,6.022222222,1,0,2,3,1
528,539,M,6.119444444,1,0,2,3,0
529,520,F,5.872222222,1,1,2,3,1
530,520,F,6.038888889,1,1,2,3,1
532,535,F,5.452777778,1,1,2,3,1
533,540,M,6.227777778,1,0,2,3,0
534,543,F,6.075,1,1,2,3,0
536,535,F,6.455555556,1,1,2,3,0
539,544,F,5.294444444,1,1,2,3,1
541,544,F,6.061111111,1,1,2,3,1
542,562,M,5.858333333,1,0,2,3,1
543,558,F,5.822222222,1,1,2,3,1
547,564,M,5.152777778,1,0,2,3,1
550,560,F,6.038888889,1,1,2,3,1
551,570,M,5.188888889,1,0,2,3,0
554,568,F,5.733333333,1,1,2,3,1
555,572,M,6.447222222,1,0,2,3,1
559,547,M,5.805555556,1,0,2,3,0
560,536,F,6.483333333,1,1,2,3,0
563,566,F,6.608333333,1,1,2,3,1
564,536,F,6.802777778,1,1,2,3,1
566,566,F,5.313888889,1,1,2,3,1
567,544,F,5.875,1,1,2,3,0
2N/351K,513,M,5,0,0,3,3,1
3N,513,M,5.072222222,0,0,3,3,0
6N,502,F,5.572222222,0,1,3,3,0
7N,509,F,5.280555556,0,1,3,3,1
8N,510,F,5.227777778,0,1,3,3,1
12N,501,F,5.188888889,0,1,3,3,0
13N,506,M,5.161111111,0,0,3,3,1
14N,505,M,5.294444444,0,0,3,3,0
15N,514,M,6.277777778,0,0,3,3,1
18N,514,M,6.563888889,0,0,3,3,0
19N,510,F,6.336111111,0,1,3,3,1
20N,553,M,6.380555556,0,0,3,3,1
22N,553,M,5.852777778,0,0,3,3,0
23N,555,M,6.566666667,0,0,3,3,1
24N,551,F,5.411111111,0,1,3,3,0
27N,549,F,5.413888889,0,1,3,3,1
28N,551,F,6.288888889,0,1,3,3,1
501,517,F,5.141666667,0,1,3,3,0
502,518,F,5.836111111,0,1,3,3,0
503,525,F,6.697222222,0,1,3,3,0
511,521,M,5.152777778,0,0,3,3,1
513,522,M,5.566666667,0,0,3,3,1
515,529,M,6.2,0,0,3,3,0
516,533,F,6.636111111,0,1,3,3,1
517,517,F,6.205555556,0,1,3,3,0
519,526,F,5.108333333,0,1,3,3,1
520,530,M,6.363888889,0,0,3,3,1
523,517,F,6.616666667,0,1,3,3,1
527,537,M,5.161111111,0,0,3,3,1
531,534,F,5.355555556,0,1,3,3,0
535,545,M,5.880555556,0,0,3,3,0
537,541,F,5.275,0,1,3,3,0
538,542,F,6.966666667,0,1,3,3,1
540,557,F,5.594444444,0,1,3,3,1
544,561,M,6.2,0,0,3,3,1
545,563,M,6.255555556,0,0,3,3,0
546,569,M,5.863888889,0,0,3,3,1
548,559,F,6.922222222,0,1,3,3,0
549,565,F,6.038888889,0,1,3,3,1
552,571,M,5.827777778,0,0,3,3,0
553,521,M,6.65,0,0,3,3,1
556,567,F,6.558333333,0,1,3,3,0
561,563,M,6.738888889,0,0,3,3,1
565,541,F,5.847222222,0,1,3,3,0
568,569,M,6.2,0,0,3,3,1
569,538,M,6.158333333,0,0,3,3,1
562,567,F,6.738888889,0,1,3,3,1
1N/344K,512,F,5.236111111,1,1,3,3,0
4N,504,F,5.402777778,1,1,3,3,0
5N,508,M,5.980555556,1,0,3,3,1
9N,511,F,6.455555556,1,1,3,3,0
10N,511,F,5.058333333,1,1,3,3,1
11N,511 - DUP,F,6.155555556,1,1,3,3,0
16N,507,M,6.333333333,1,0,3,3,1
17N,503,F,6.558333333,1,1,3,3,1
21N,554,M,5.277777778,1,0,3,3,0
25N,550,F,5.338888889,1,1,3,3,1
26N,556,M,5.244444444,1,0,3,3,0
504,516,M,5.566666667,1,0,3,3,0
505,519,F,6.483333333,1,1,3,3,1
506,515,M,6.833333333,1,0,3,3,1
512,524,M,5.536111111,1,0,3,3,1
514,523,M,5.783333333,1,0,3,3,1
518,520,F,6.594444444,1,1,3,3,1
521,527,F,6.647222222,1,1,3,3,0
524,528,F,6.811111111,1,1,3,3,0
525,531,M,5.261111111,1,0,3,3,0
526,532,M,6.022222222,1,0,3,3,1
528,539,M,6.119444444,1,0,3,3,0
529,520,F,5.872222222,1,1,3,3,1
530,520,F,6.038888889,1,1,3,3,1
532,535,F,5.452777778,1,1,3,3,1
533,540,M,6.227777778,1,0,3,3,0
534,543,F,6.075,1,1,3,3,1
536,535,F,6.455555556,1,1,3,3,1
539,544,F,5.294444444,1,1,3,3,0
541,544,F,6.061111111,1,1,3,3,0
542,562,M,5.858333333,1,0,3,3,1
543,558,F,5.822222222,1,1,3,3,1
547,564,M,5.152777778,1,0,3,3,0
550,560,F,6.038888889,1,1,3,3,1
551,570,M,5.188888889,1,0,3,3,1
554,568,F,5.733333333,1,1,3,3,1
555,572,M,6.447222222,1,0,3,3,1
559,547,M,5.805555556,1,0,3,3,1
560,536,F,6.483333333,1,1,3,3,1
563,566,F,6.608333333,1,1,3,3,1
564,536,F,6.802777778,1,1,3,3,1
566,566,F,5.313888889,1,1,3,3,1
567,544,F,5.875,1,1,3,3,0
2N/351K,513,M,5,0,0,4,3,1
3N,513,M,5.072222222,0,0,4,3,1
6N,502,F,5.572222222,0,1,4,3,1
7N,509,F,5.280555556,0,1,4,3,1
8N,510,F,5.227777778,0,1,4,3,0
12N,501,F,5.188888889,0,1,4,3,0
13N,506,M,5.161111111,0,0,4,3,1
14N,505,M,5.294444444,0,0,4,3,1
15N,514,M,6.277777778,0,0,4,3,0
18N,514,M,6.563888889,0,0,4,3,1
19N,510,F,6.336111111,0,1,4,3,0
20N,553,M,6.380555556,0,0,4,3,1
22N,553,M,5.852777778,0,0,4,3,1
23N,555,M,6.566666667,0,0,4,3,1
24N,551,F,5.411111111,0,1,4,3,1
27N,549,F,5.413888889,0,1,4,3,0
28N,551,F,6.288888889,0,1,4,3,0
501,517,F,5.141666667,0,1,4,3,1
502,518,F,5.836111111,0,1,4,3,1
503,525,F,6.697222222,0,1,4,3,1
511,521,M,5.152777778,0,0,4,3,0
513,522,M,5.566666667,0,0,4,3,1
515,529,M,6.2,0,0,4,3,1
516,533,F,6.636111111,0,1,4,3,0
517,517,F,6.205555556,0,1,4,3,1
519,526,F,5.108333333,0,1,4,3,0
520,530,M,6.363888889,0,0,4,3,1
523,517,F,6.616666667,0,1,4,3,0
527,537,M,5.161111111,0,0,4,3,1
531,534,F,5.355555556,0,1,4,3,1
535,545,M,5.880555556,0,0,4,3,1
537,541,F,5.275,0,1,4,3,0
538,542,F,6.966666667,0,1,4,3,0
540,557,F,5.594444444,0,1,4,3,1
544,561,M,6.2,0,0,4,3,1
545,563,M,6.255555556,0,0,4,3,1
546,569,M,5.863888889,0,0,4,3,1
548,559,F,6.922222222,0,1,4,3,0
549,565,F,6.038888889,0,1,4,3,0
552,571,M,5.827777778,0,0,4,3,1
553,521,M,6.65,0,0,4,3,1
556,567,F,6.558333333,0,1,4,3,0
561,563,M,6.738888889,0,0,4,3,1
565,541,F,5.847222222,0,1,4,3,1
568,569,M,6.2,0,0,4,3,1
569,538,M,6.158333333,0,0,4,3,1
562,567,F,6.738888889,0,1,4,3,1
1N/344K,512,F,5.236111111,1,1,4,3,0
4N,504,F,5.402777778,1,1,4,3,1
5N,508,M,5.980555556,1,0,4,3,1
9N,511,F,6.455555556,1,1,4,3,1
10N,511,F,5.058333333,1,1,4,3,0
11N,511 - DUP,F,6.155555556,1,1,4,3,1
16N,507,M,6.333333333,1,0,4,3,1
17N,503,F,6.558333333,1,1,4,3,1
21N,554,M,5.277777778,1,0,4,3,1
25N,550,F,5.338888889,1,1,4,3,0
26N,556,M,5.244444444,1,0,4,3,0
504,516,M,5.566666667,1,0,4,3,1
505,519,F,6.483333333,1,1,4,3,1
506,515,M,6.833333333,1,0,4,3,1
512,524,M,5.536111111,1,0,4,3,1
514,523,M,5.783333333,1,0,4,3,1
518,520,F,6.594444444,1,1,4,3,1
521,527,F,6.647222222,1,1,4,3,1
524,528,F,6.811111111,1,1,4,3,0
525,531,M,5.261111111,1,0,4,3,0
526,532,M,6.022222222,1,0,4,3,1
528,539,M,6.119444444,1,0,4,3,0
529,520,F,5.872222222,1,1,4,3,1
530,520,F,6.038888889,1,1,4,3,1
532,535,F,5.452777778,1,1,4,3,0
533,540,M,6.227777778,1,0,4,3,1
534,543,F,6.075,1,1,4,3,1
536,535,F,6.455555556,1,1,4,3,1
539,544,F,5.294444444,1,1,4,3,0
541,544,F,6.061111111,1,1,4,3,1
542,562,M,5.858333333,1,0,4,3,1
543,558,F,5.822222222,1,1,4,3,1
547,564,M,5.152777778,1,0,4,3,0
550,560,F,6.038888889,1,1,4,3,1
551,570,M,5.188888889,1,0,4,3,1
554,568,F,5.733333333,1,1,4,3,1
555,572,M,6.447222222,1,0,4,3,1
559,547,M,5.805555556,1,0,4,3,0
560,536,F,6.483333333,1,1,4,3,1
563,566,F,6.608333333,1,1,4,3,1
564,536,F,6.802777778,1,1,4,3,1
566,566,F,5.313888889,1,1,4,3,1
567,544,F,5.875,1,1,4,3,0
2N/351K,513,M,5,0,0,5,3,1
3N,513,M,5.072222222,0,0,5,3,0
6N,502,F,5.572222222,0,1,5,3,1
7N,509,F,5.280555556,0,1,5,3,0
8N,510,F,5.227777778,0,1,5,3,0.5
12N,501,F,5.188888889,0,1,5,3,1
13N,506,M,5.161111111,0,0,5,3,0.5
14N,505,M,5.294444444,0,0,5,3,0.5
15N,514,M,6.277777778,0,0,5,3,0
18N,514,M,6.563888889,0,0,5,3,0.5
19N,510,F,6.336111111,0,1,5,3,0.5
20N,553,M,6.380555556,0,0,5,3,1
22N,553,M,5.852777778,0,0,5,3,0.5
23N,555,M,6.566666667,0,0,5,3,1
24N,551,F,5.411111111,0,1,5,3,1
27N,549,F,5.413888889,0,1,5,3,0.5
28N,551,F,6.288888889,0,1,5,3,0.5
501,517,F,5.141666667,0,1,5,3,0
502,518,F,5.836111111,0,1,5,3,0.5
503,525,F,6.697222222,0,1,5,3,1
511,521,M,5.152777778,0,0,5,3,1
513,522,M,5.566666667,0,0,5,3,1
515,529,M,6.2,0,0,5,3,0
516,533,F,6.636111111,0,1,5,3,1
517,517,F,6.205555556,0,1,5,3,0
519,526,F,5.108333333,0,1,5,3,0
520,530,M,6.363888889,0,0,5,3,0
523,517,F,6.616666667,0,1,5,3,0
527,537,M,5.161111111,0,0,5,3,0.5
531,534,F,5.355555556,0,1,5,3,0
535,545,M,5.880555556,0,0,5,3,0.5
537,541,F,5.275,0,1,5,3,1
538,542,F,6.966666667,0,1,5,3,0
540,557,F,5.594444444,0,1,5,3,0
544,561,M,6.2,0,0,5,3,1
545,563,M,6.255555556,0,0,5,3,0
546,569,M,5.863888889,0,0,5,3,1
548,559,F,6.922222222,0,1,5,3,1
549,565,F,6.038888889,0,1,5,3,0
552,571,M,5.827777778,0,0,5,3,0.5
553,521,M,6.65,0,0,5,3,0.5
556,567,F,6.558333333,0,1,5,3,0
561,563,M,6.738888889,0,0,5,3,0.5
565,541,F,5.847222222,0,1,5,3,0.5
568,569,M,6.2,0,0,5,3,1
569,538,M,6.158333333,0,0,5,3,0
562,567,F,6.738888889,0,1,5,3,0.5
1N/344K,512,F,5.236111111,1,1,5,3,0
4N,504,F,5.402777778,1,1,5,3,0
5N,508,M,5.980555556,1,0,5,3,0.5
9N,511,F,6.455555556,1,1,5,3,1
10N,511,F,5.058333333,1,1,5,3,0
11N,511 - DUP,F,6.155555556,1,1,5,3,0.5
16N,507,M,6.333333333,1,0,5,3,0.5
17N,503,F,6.558333333,1,1,5,3,0.5
21N,554,M,5.277777778,1,0,5,3,1
25N,550,F,5.338888889,1,1,5,3,0
26N,556,M,5.244444444,1,0,5,3,0
504,516,M,5.566666667,1,0,5,3,0
505,519,F,6.483333333,1,1,5,3,0
506,515,M,6.833333333,1,0,5,3,1
512,524,M,5.536111111,1,0,5,3,0
514,523,M,5.783333333,1,0,5,3,0
518,520,F,6.594444444,1,1,5,3,1
521,527,F,6.647222222,1,1,5,3,1
524,528,F,6.811111111,1,1,5,3,1
525,531,M,5.261111111,1,0,5,3,0
526,532,M,6.022222222,1,0,5,3,1
528,539,M,6.119444444,1,0,5,3,0
529,520,F,5.872222222,1,1,5,3,0
530,520,F,6.038888889,1,1,5,3,0
532,535,F,5.452777778,1,1,5,3,1
533,540,M,6.227777778,1,0,5,3,1
534,543,F,6.075,1,1,5,3,0.5
536,535,F,6.455555556,1,1,5,3,0
539,544,F,5.294444444,1,1,5,3,0.5
541,544,F,6.061111111,1,1,5,3,1
542,562,M,5.858333333,1,0,5,3,0
543,558,F,5.822222222,1,1,5,3,1
547,564,M,5.152777778,1,0,5,3,0.5
550,560,F,6.038888889,1,1,5,3,1
551,570,M,5.188888889,1,0,5,3,0
554,568,F,5.733333333,1,1,5,3,0.5
555,572,M,6.447222222,1,0,5,3,0
559,547,M,5.805555556,1,0,5,3,0.5
560,536,F,6.483333333,1,1,5,3,1
563,566,F,6.608333333,1,1,5,3,1
564,536,F,6.802777778,1,1,5,3,1
566,566,F,5.313888889,1,1,5,3,0
567,544,F,5.875,1,1,5,3,1
2N/351K,513,M,5,0,0,1,4,1
3N,513,M,5.072222222,0,0,1,4,0
6N,502,F,5.572222222,0,1,1,4,0
7N,509,F,5.280555556,0,1,1,4,1
8N,510,F,5.227777778,0,1,1,4,0
12N,501,F,5.188888889,0,1,1,4,0
13N,506,M,5.161111111,0,0,1,4,1
14N,505,M,5.294444444,0,0,1,4,0
15N,514,M,6.277777778,0,0,1,4,1
18N,514,M,6.563888889,0,0,1,4,0
19N,510,F,6.336111111,0,1,1,4,1
20N,553,M,6.380555556,0,0,1,4,1
22N,553,M,5.852777778,0,0,1,4,1
23N,555,M,6.566666667,0,0,1,4,1
24N,551,F,5.411111111,0,1,1,4,1
27N,549,F,5.413888889,0,1,1,4,1
28N,551,F,6.288888889,0,1,1,4,1
501,517,F,5.141666667,0,1,1,4,0
502,518,F,5.836111111,0,1,1,4,0
503,525,F,6.697222222,0,1,1,4,0
511,521,M,5.152777778,0,0,1,4,0
513,522,M,5.566666667,0,0,1,4,1
515,529,M,6.2,0,0,1,4,0
516,533,F,6.636111111,0,1,1,4,0
517,517,F,6.205555556,0,1,1,4,1
519,526,F,5.108333333,0,1,1,4,1
520,530,M,6.363888889,0,0,1,4,1
523,517,F,6.616666667,0,1,1,4,1
527,537,M,5.161111111,0,0,1,4,0
531,534,F,5.355555556,0,1,1,4,1
535,545,M,5.880555556,0,0,1,4,0
537,541,F,5.275,0,1,1,4,0
538,542,F,6.966666667,0,1,1,4,0
540,557,F,5.594444444,0,1,1,4,1
544,561,M,6.2,0,0,1,4,0
545,563,M,6.255555556,0,0,1,4,0
546,569,M,5.863888889,0,0,1,4,1
548,559,F,6.922222222,0,1,1,4,1
549,565,F,6.038888889,0,1,1,4,0
552,571,M,5.827777778,0,0,1,4,1
553,521,M,6.65,0,0,1,4,0
556,567,F,6.558333333,0,1,1,4,1
561,563,M,6.738888889,0,0,1,4,1
565,541,F,5.847222222,0,1,1,4,1
568,569,M,6.2,0,0,1,4,0
569,538,M,6.158333333,0,0,1,4,1
562,567,F,6.738888889,0,1,1,4,0
1N/344K,512,F,5.236111111,1,1,1,4,0
4N,504,F,5.402777778,1,1,1,4,0
5N,508,M,5.980555556,1,0,1,4,0
9N,511,F,6.455555556,1,1,1,4,1
10N,511,F,5.058333333,1,1,1,4,0
11N,511 - DUP,F,6.155555556,1,1,1,4,1
16N,507,M,6.333333333,1,0,1,4,1
17N,503,F,6.558333333,1,1,1,4,1
21N,554,M,5.277777778,1,0,1,4,0
25N,550,F,5.338888889,1,1,1,4,0
26N,556,M,5.244444444,1,0,1,4,0
504,516,M,5.566666667,1,0,1,4,1
505,519,F,6.483333333,1,1,1,4,1
506,515,M,6.833333333,1,0,1,4,1
512,524,M,5.536111111,1,0,1,4,1
514,523,M,5.783333333,1,0,1,4,1
518,520,F,6.594444444,1,1,1,4,0
521,527,F,6.647222222,1,1,1,4,1
524,528,F,6.811111111,1,1,1,4,1
525,531,M,5.261111111,1,0,1,4,1
526,532,M,6.022222222,1,0,1,4,1
528,539,M,6.119444444,1,0,1,4,1
529,520,F,5.872222222,1,1,1,4,1
530,520,F,6.038888889,1,1,1,4,1
532,535,F,5.452777778,1,1,1,4,0
533,540,M,6.227777778,1,0,1,4,0
534,543,F,6.075,1,1,1,4,1
536,535,F,6.455555556,1,1,1,4,1
539,544,F,5.294444444,1,1,1,4,1
541,544,F,6.061111111,1,1,1,4,1
542,562,M,5.858333333,1,0,1,4,0
543,558,F,5.822222222,1,1,1,4,1
547,564,M,5.152777778,1,0,1,4,1
550,560,F,6.038888889,1,1,1,4,1
551,570,M,5.188888889,1,0,1,4,0
554,568,F,5.733333333,1,1,1,4,0
555,572,M,6.447222222,1,0,1,4,1
559,547,M,5.805555556,1,0,1,4,1
560,536,F,6.483333333,1,1,1,4,0
563,566,F,6.608333333,1,1,1,4,1
564,536,F,6.802777778,1,1,1,4,1
566,566,F,5.313888889,1,1,1,4,1
567,544,F,5.875,1,1,1,4,1
2N/351K,513,M,5,0,0,2,4,1
3N,513,M,5.072222222,0,0,2,4,0
6N,502,F,5.572222222,0,1,2,4,0
7N,509,F,5.280555556,0,1,2,4,1
8N,510,F,5.227777778,0,1,2,4,1
12N,501,F,5.188888889,0,1,2,4,0
13N,506,M,5.161111111,0,0,2,4,1
14N,505,M,5.294444444,0,0,2,4,0
15N,514,M,6.277777778,0,0,2,4,1
18N,514,M,6.563888889,0,0,2,4,1
19N,510,F,6.336111111,0,1,2,4,1
20N,553,M,6.380555556,0,0,2,4,1
22N,553,M,5.852777778,0,0,2,4,1
23N,555,M,6.566666667,0,0,2,4,1
24N,551,F,5.411111111,0,1,2,4,1
27N,549,F,5.413888889,0,1,2,4,1
28N,551,F,6.288888889,0,1,2,4,1
501,517,F,5.141666667,0,1,2,4,1
502,518,F,5.836111111,0,1,2,4,1
503,525,F,6.697222222,0,1,2,4,1
511,521,M,5.152777778,0,0,2,4,1
513,522,M,5.566666667,0,0,2,4,0
515,529,M,6.2,0,0,2,4,0
516,533,F,6.636111111,0,1,2,4,1
517,517,F,6.205555556,0,1,2,4,0
519,526,F,5.108333333,0,1,2,4,1
520,530,M,6.363888889,0,0,2,4,1
523,517,F,6.616666667,0,1,2,4,1
527,537,M,5.161111111,0,0,2,4,0
531,534,F,5.355555556,0,1,2,4,1
535,545,M,5.880555556,0,0,2,4,0
537,541,F,5.275,0,1,2,4,1
538,542,F,6.966666667,0,1,2,4,1
540,557,F,5.594444444,0,1,2,4,1
544,561,M,6.2,0,0,2,4,1
545,563,M,6.255555556,0,0,2,4,1
546,569,M,5.863888889,0,0,2,4,0
548,559,F,6.922222222,0,1,2,4,1
549,565,F,6.038888889,0,1,2,4,1
552,571,M,5.827777778,0,0,2,4,0
553,521,M,6.65,0,0,2,4,1
556,567,F,6.558333333,0,1,2,4,1
561,563,M,6.738888889,0,0,2,4,1
565,541,F,5.847222222,0,1,2,4,1
568,569,M,6.2,0,0,2,4,1
569,538,M,6.158333333,0,0,2,4,1
562,567,F,6.738888889,0,1,2,4,1
1N/344K,512,F,5.236111111,1,1,2,4,0
4N,504,F,5.402777778,1,1,2,4,1
5N,508,M,5.980555556,1,0,2,4,1
9N,511,F,6.455555556,1,1,2,4,0
10N,511,F,5.058333333,1,1,2,4,1
11N,511 - DUP,F,6.155555556,1,1,2,4,1
16N,507,M,6.333333333,1,0,2,4,1
17N,503,F,6.558333333,1,1,2,4,0
21N,554,M,5.277777778,1,0,2,4,1
25N,550,F,5.338888889,1,1,2,4,0
26N,556,M,5.244444444,1,0,2,4,1
504,516,M,5.566666667,1,0,2,4,1
505,519,F,6.483333333,1,1,2,4,1
506,515,M,6.833333333,1,0,2,4,1
512,524,M,5.536111111,1,0,2,4,1
514,523,M,5.783333333,1,0,2,4,1
518,520,F,6.594444444,1,1,2,4,1
521,527,F,6.647222222,1,1,2,4,1
524,528,F,6.811111111,1,1,2,4,1
525,531,M,5.261111111,1,0,2,4,0
526,532,M,6.022222222,1,0,2,4,1
528,539,M,6.119444444,1,0,2,4,1
529,520,F,5.872222222,1,1,2,4,1
530,520,F,6.038888889,1,1,2,4,1
532,535,F,5.452777778,1,1,2,4,1
533,540,M,6.227777778,1,0,2,4,1
534,543,F,6.075,1,1,2,4,0
536,535,F,6.455555556,1,1,2,4,1
539,544,F,5.294444444,1,1,2,4,1
541,544,F,6.061111111,1,1,2,4,1
542,562,M,5.858333333,1,0,2,4,1
543,558,F,5.822222222,1,1,2,4,1
547,564,M,5.152777778,1,0,2,4,1
550,560,F,6.038888889,1,1,2,4,1
551,570,M,5.188888889,1,0,2,4,0
554,568,F,5.733333333,1,1,2,4,1
555,572,M,6.447222222,1,0,2,4,1
559,547,M,5.805555556,1,0,2,4,1
560,536,F,6.483333333,1,1,2,4,0
563,566,F,6.608333333,1,1,2,4,1
564,536,F,6.802777778,1,1,2,4,1
566,566,F,5.313888889,1,1,2,4,1
567,544,F,5.875,1,1,2,4,0
2N/351K,513,M,5,0,0,3,4,1
3N,513,M,5.072222222,0,0,3,4,1
6N,502,F,5.572222222,0,1,3,4,1
7N,509,F,5.280555556,0,1,3,4,1
8N,510,F,5.227777778,0,1,3,4,0
12N,501,F,5.188888889,0,1,3,4,0
13N,506,M,5.161111111,0,0,3,4,0
14N,505,M,5.294444444,0,0,3,4,0
15N,514,M,6.277777778,0,0,3,4,1
18N,514,M,6.563888889,0,0,3,4,0
19N,510,F,6.336111111,0,1,3,4,1
20N,553,M,6.380555556,0,0,3,4,0
22N,553,M,5.852777778,0,0,3,4,1
23N,555,M,6.566666667,0,0,3,4,1
24N,551,F,5.411111111,0,1,3,4,0
27N,549,F,5.413888889,0,1,3,4,1
28N,551,F,6.288888889,0,1,3,4,1
501,517,F,5.141666667,0,1,3,4,1
502,518,F,5.836111111,0,1,3,4,0
503,525,F,6.697222222,0,1,3,4,0
511,521,M,5.152777778,0,0,3,4,0
513,522,M,5.566666667,0,0,3,4,1
515,529,M,6.2,0,0,3,4,1
516,533,F,6.636111111,0,1,3,4,1
517,517,F,6.205555556,0,1,3,4,0
519,526,F,5.108333333,0,1,3,4,1
520,530,M,6.363888889,0,0,3,4,1
523,517,F,6.616666667,0,1,3,4,0
527,537,M,5.161111111,0,0,3,4,0
531,534,F,5.355555556,0,1,3,4,1
535,545,M,5.880555556,0,0,3,4,1
537,541,F,5.275,0,1,3,4,0
538,542,F,6.966666667,0,1,3,4,0
540,557,F,5.594444444,0,1,3,4,1
544,561,M,6.2,0,0,3,4,1
545,563,M,6.255555556,0,0,3,4,0
546,569,M,5.863888889,0,0,3,4,1
548,559,F,6.922222222,0,1,3,4,1
549,565,F,6.038888889,0,1,3,4,1
552,571,M,5.827777778,0,0,3,4,1
553,521,M,6.65,0,0,3,4,1
556,567,F,6.558333333,0,1,3,4,0
561,563,M,6.738888889,0,0,3,4,0
565,541,F,5.847222222,0,1,3,4,1
568,569,M,6.2,0,0,3,4,1
569,538,M,6.158333333,0,0,3,4,1
562,567,F,6.738888889,0,1,3,4,1
1N/344K,512,F,5.236111111,1,1,3,4,0
4N,504,F,5.402777778,1,1,3,4,0
5N,508,M,5.980555556,1,0,3,4,1
9N,511,F,6.455555556,1,1,3,4,1
10N,511,F,5.058333333,1,1,3,4,1
11N,511 - DUP,F,6.155555556,1,1,3,4,1
16N,507,M,6.333333333,1,0,3,4,0
17N,503,F,6.558333333,1,1,3,4,1
21N,554,M,5.277777778,1,0,3,4,0
25N,550,F,5.338888889,1,1,3,4,0
26N,556,M,5.244444444,1,0,3,4,0
504,516,M,5.566666667,1,0,3,4,0
505,519,F,6.483333333,1,1,3,4,1
506,515,M,6.833333333,1,0,3,4,1
512,524,M,5.536111111,1,0,3,4,1
514,523,M,5.783333333,1,0,3,4,0
518,520,F,6.594444444,1,1,3,4,1
521,527,F,6.647222222,1,1,3,4,0
524,528,F,6.811111111,1,1,3,4,1
525,531,M,5.261111111,1,0,3,4,0
526,532,M,6.022222222,1,0,3,4,1
528,539,M,6.119444444,1,0,3,4,1
529,520,F,5.872222222,1,1,3,4,1
530,520,F,6.038888889,1,1,3,4,1
532,535,F,5.452777778,1,1,3,4,1
533,540,M,6.227777778,1,0,3,4,0
534,543,F,6.075,1,1,3,4,1
536,535,F,6.455555556,1,1,3,4,1
539,544,F,5.294444444,1,1,3,4,1
541,544,F,6.061111111,1,1,3,4,0
542,562,M,5.858333333,1,0,3,4,1
543,558,F,5.822222222,1,1,3,4,1
547,564,M,5.152777778,1,0,3,4,1
550,560,F,6.038888889,1,1,3,4,1
551,570,M,5.188888889,1,0,3,4,1
554,568,F,5.733333333,1,1,3,4,1
555,572,M,6.447222222,1,0,3,4,1
559,547,M,5.805555556,1,0,3,4,1
560,536,F,6.483333333,1,1,3,4,0
563,566,F,6.608333333,1,1,3,4,1
564,536,F,6.802777778,1,1,3,4,1
566,566,F,5.313888889,1,1,3,4,0
567,544,F,5.875,1,1,3,4,0
2N/351K,513,M,5,0,0,4,4,1
3N,513,M,5.072222222,0,0,4,4,0
6N,502,F,5.572222222,0,1,4,4,0
7N,509,F,5.280555556,0,1,4,4,1
8N,510,F,5.227777778,0,1,4,4,0
12N,501,F,5.188888889,0,1,4,4,0
13N,506,M,5.161111111,0,0,4,4,0
14N,505,M,5.294444444,0,0,4,4,1
15N,514,M,6.277777778,0,0,4,4,0
18N,514,M,6.563888889,0,0,4,4,1
19N,510,F,6.336111111,0,1,4,4,1
20N,553,M,6.380555556,0,0,4,4,1
22N,553,M,5.852777778,0,0,4,4,1
23N,555,M,6.566666667,0,0,4,4,1
24N,551,F,5.411111111,0,1,4,4,0
27N,549,F,5.413888889,0,1,4,4,0
28N,551,F,6.288888889,0,1,4,4,0
501,517,F,5.141666667,0,1,4,4,1
502,518,F,5.836111111,0,1,4,4,1
503,525,F,6.697222222,0,1,4,4,1
511,521,M,5.152777778,0,0,4,4,0
513,522,M,5.566666667,0,0,4,4,0
515,529,M,6.2,0,0,4,4,1
516,533,F,6.636111111,0,1,4,4,1
517,517,F,6.205555556,0,1,4,4,1
519,526,F,5.108333333,0,1,4,4,0
520,530,M,6.363888889,0,0,4,4,0
523,517,F,6.616666667,0,1,4,4,1
527,537,M,5.161111111,0,0,4,4,0
531,534,F,5.355555556,0,1,4,4,1
535,545,M,5.880555556,0,0,4,4,1
537,541,F,5.275,0,1,4,4,0
538,542,F,6.966666667,0,1,4,4,0
540,557,F,5.594444444,0,1,4,4,1
544,561,M,6.2,0,0,4,4,1
545,563,M,6.255555556,0,0,4,4,0
546,569,M,5.863888889,0,0,4,4,1
548,559,F,6.922222222,0,1,4,4,0
549,565,F,6.038888889,0,1,4,4,0
552,571,M,5.827777778,0,0,4,4,0
553,521,M,6.65,0,0,4,4,1
556,567,F,6.558333333,0,1,4,4,1
561,563,M,6.738888889,0,0,4,4,0
565,541,F,5.847222222,0,1,4,4,1
568,569,M,6.2,0,0,4,4,1
569,538,M,6.158333333,0,0,4,4,1
562,567,F,6.738888889,0,1,4,4,1
1N/344K,512,F,5.236111111,1,1,4,4,0
4N,504,F,5.402777778,1,1,4,4,1
5N,508,M,5.980555556,1,0,4,4,1
9N,511,F,6.455555556,1,1,4,4,1
10N,511,F,5.058333333,1,1,4,4,1
11N,511 - DUP,F,6.155555556,1,1,4,4,0
16N,507,M,6.333333333,1,0,4,4,0
17N,503,F,6.558333333,1,1,4,4,1
21N,554,M,5.277777778,1,0,4,4,0
25N,550,F,5.338888889,1,1,4,4,1
26N,556,M,5.244444444,1,0,4,4,0
504,516,M,5.566666667,1,0,4,4,0
505,519,F,6.483333333,1,1,4,4,0
506,515,M,6.833333333,1,0,4,4,1
512,524,M,5.536111111,1,0,4,4,1
514,523,M,5.783333333,1,0,4,4,1
518,520,F,6.594444444,1,1,4,4,1
521,527,F,6.647222222,1,1,4,4,0
524,528,F,6.811111111,1,1,4,4,1
525,531,M,5.261111111,1,0,4,4,1
526,532,M,6.022222222,1,0,4,4,0
528,539,M,6.119444444,1,0,4,4,1
529,520,F,5.872222222,1,1,4,4,0
530,520,F,6.038888889,1,1,4,4,1
532,535,F,5.452777778,1,1,4,4,0
533,540,M,6.227777778,1,0,4,4,0
534,543,F,6.075,1,1,4,4,1
536,535,F,6.455555556,1,1,4,4,1
539,544,F,5.294444444,1,1,4,4,0
541,544,F,6.061111111,1,1,4,4,1
542,562,M,5.858333333,1,0,4,4,1
543,558,F,5.822222222,1,1,4,4,1
547,564,M,5.152777778,1,0,4,4,0
550,560,F,6.038888889,1,1,4,4,1
551,570,M,5.188888889,1,0,4,4,1
554,568,F,5.733333333,1,1,4,4,1
555,572,M,6.447222222,1,0,4,4,1
559,547,M,5.805555556,1,0,4,4,0
560,536,F,6.483333333,1,1,4,4,1
563,566,F,6.608333333,1,1,4,4,1
564,536,F,6.802777778,1,1,4,4,1
566,566,F,5.313888889,1,1,4,4,1
567,544,F,5.875,1,1,4,4,0
2N/351K,513,M,5,0,0,5,4,1
3N,513,M,5.072222222,0,0,5,4,1
6N,502,F,5.572222222,0,1,5,4,1
7N,509,F,5.280555556,0,1,5,4,0.5
8N,510,F,5.227777778,0,1,5,4,1
12N,501,F,5.188888889,0,1,5,4,0.5
13N,506,M,5.161111111,0,0,5,4,0.5
14N,505,M,5.294444444,0,0,5,4,1
15N,514,M,6.277777778,0,0,5,4,0
18N,514,M,6.563888889,0,0,5,4,0.5
19N,510,F,6.336111111,0,1,5,4,0.5
20N,553,M,6.380555556,0,0,5,4,1
22N,553,M,5.852777778,0,0,5,4,0.5
23N,555,M,6.566666667,0,0,5,4,0
24N,551,F,5.411111111,0,1,5,4,0.5
27N,549,F,5.413888889,0,1,5,4,0
28N,551,F,6.288888889,0,1,5,4,0.5
501,517,F,5.141666667,0,1,5,4,0
502,518,F,5.836111111,0,1,5,4,0
503,525,F,6.697222222,0,1,5,4,0.5
511,521,M,5.152777778,0,0,5,4,1
513,522,M,5.566666667,0,0,5,4,0.5
515,529,M,6.2,0,0,5,4,0
516,533,F,6.636111111,0,1,5,4,0.5
517,517,F,6.205555556,0,1,5,4,0
519,526,F,5.108333333,0,1,5,4,0.5
520,530,M,6.363888889,0,0,5,4,0
523,517,F,6.616666667,0,1,5,4,0.5
527,537,M,5.161111111,0,0,5,4,1
531,534,F,5.355555556,0,1,5,4,0
535,545,M,5.880555556,0,0,5,4,1
537,541,F,5.275,0,1,5,4,1
538,542,F,6.966666667,0,1,5,4,0
540,557,F,5.594444444,0,1,5,4,0.5
544,561,M,6.2,0,0,5,4,1
545,563,M,6.255555556,0,0,5,4,1
546,569,M,5.863888889,0,0,5,4,0.5
548,559,F,6.922222222,0,1,5,4,0.5
549,565,F,6.038888889,0,1,5,4,0
552,571,M,5.827777778,0,0,5,4,0
553,521,M,6.65,0,0,5,4,1
556,567,F,6.558333333,0,1,5,4,0
561,563,M,6.738888889,0,0,5,4,0
565,541,F,5.847222222,0,1,5,4,1
568,569,M,6.2,0,0,5,4,0.5
569,538,M,6.158333333,0,0,5,4,0
562,567,F,6.738888889,0,1,5,4,0
1N/344K,512,F,5.236111111,1,1,5,4,0.5
4N,504,F,5.402777778,1,1,5,4,0.5
5N,508,M,5.980555556,1,0,5,4,0.5
9N,511,F,6.455555556,1,1,5,4,0.5
10N,511,F,5.058333333,1,1,5,4,0.5
11N,511 - DUP,F,6.155555556,1,1,5,4,1
16N,507,M,6.333333333,1,0,5,4,0.5
17N,503,F,6.558333333,1,1,5,4,0.5
21N,554,M,5.277777778,1,0,5,4,0.5
25N,550,F,5.338888889,1,1,5,4,0
26N,556,M,5.244444444,1,0,5,4,1
504,516,M,5.566666667,1,0,5,4,0
505,519,F,6.483333333,1,1,5,4,1
506,515,M,6.833333333,1,0,5,4,1
512,524,M,5.536111111,1,0,5,4,0
514,523,M,5.783333333,1,0,5,4,0
518,520,F,6.594444444,1,1,5,4,0.5
521,527,F,6.647222222,1,1,5,4,1
524,528,F,6.811111111,1,1,5,4,0.5
525,531,M,5.261111111,1,0,5,4,0
526,532,M,6.022222222,1,0,5,4,1
528,539,M,6.119444444,1,0,5,4,0.5
529,520,F,5.872222222,1,1,5,4,0
530,520,F,6.038888889,1,1,5,4,0
532,535,F,5.452777778,1,1,5,4,1
533,540,M,6.227777778,1,0,5,4,0.5
534,543,F,6.075,1,1,5,4,1
536,535,F,6.455555556,1,1,5,4,1
539,544,F,5.294444444,1,1,5,4,1
541,544,F,6.061111111,1,1,5,4,1
542,562,M,5.858333333,1,0,5,4,0.5
543,558,F,5.822222222,1,1,5,4,1
547,564,M,5.152777778,1,0,5,4,0
550,560,F,6.038888889,1,1,5,4,0
551,570,M,5.188888889,1,0,5,4,0
554,568,F,5.733333333,1,1,5,4,0
555,572,M,6.447222222,1,0,5,4,0
559,547,M,5.805555556,1,0,5,4,1
560,536,F,6.483333333,1,1,5,4,0.5
563,566,F,6.608333333,1,1,5,4,1
564,536,F,6.802777778,1,1,5,4,0.5
566,566,F,5.313888889,1,1,5,4,0
567,544,F,5.875,1,1,5,4,1
571,546,M,6.716666667,0,0,1,1,0
573,564,M,5.680555556,1,0,1,1,0
575,548,M,6.519444444,1,0,1,1,1
571,546,M,6.716666667,0,0,2,1,0
573,564,M,5.680555556,1,0,2,1,1
575,548,M,6.519444444,1,0,2,1,0
571,546,M,6.716666667,0,0,3,1,1
573,564,M,5.680555556,1,0,3,1,0
575,548,M,6.519444444,1,0,3,1,1
571,546,M,6.716666667,0,0,4,1,0
573,564,M,5.680555556,1,0,4,1,1
575,548,M,6.519444444,1,0,4,1,1
571,546,M,6.716666667,0,0,5,1,0.5
573,564,M,5.680555556,1,0,5,1,0.5
575,548,M,6.519444444,1,0,5,1,0.5
571,546,M,6.716666667,0,0,1,2,0
573,564,M,5.680555556,1,0,1,2,1
575,548,M,6.519444444,1,0,1,2,0
571,546,M,6.716666667,0,0,2,2,0
573,564,M,5.680555556,1,0,2,2,1
575,548,M,6.519444444,1,0,2,2,1
571,546,M,6.716666667,0,0,3,2,1
573,564,M,5.680555556,1,0,3,2,0
575,548,M,6.519444444,1,0,3,2,1
571,546,M,6.716666667,0,0,4,2,1
573,564,M,5.680555556,1,0,4,2,1
575,548,M,6.519444444,1,0,4,2,1
571,546,M,6.716666667,0,0,5,2,1
573,564,M,5.680555556,1,0,5,2,1
575,548,M,6.519444444,1,0,5,2,0.5
571,546,M,6.716666667,0,0,1,3,1
573,564,M,5.680555556,1,0,1,3,0
575,548,M,6.519444444,1,0,1,3,0
571,546,M,6.716666667,0,0,2,3,1
573,564,M,5.680555556,1,0,2,3,1
575,548,M,6.519444444,1,0,2,3,0
571,546,M,6.716666667,0,0,3,3,0
573,564,M,5.680555556,1,0,3,3,0
575,548,M,6.519444444,1,0,3,3,1
571,546,M,6.716666667,0,0,4,3,0
573,564,M,5.680555556,1,0,4,3,1
575,548,M,6.519444444,1,0,4,3,1
571,546,M,6.716666667,0,0,5,3,0.5
573,564,M,5.680555556,1,0,5,3,0.5
575,548,M,6.519444444,1,0,5,3,0
571,546,M,6.716666667,0,0,1,4,1
573,564,M,5.680555556,1,0,1,4,0
575,548,M,6.519444444,1,0,1,4,0
571,546,M,6.716666667,0,0,2,4,1
573,564,M,5.680555556,1,0,2,4,1
575,548,M,6.519444444,1,0,2,4,0
571,546,M,6.716666667,0,0,3,4,0
573,564,M,5.680555556,1,0,3,4,0
575,548,M,6.519444444,1,0,3,4,1
571,546,M,6.716666667,0,0,4,4,0
573,564,M,5.680555556,1,0,4,4,1
575,548,M,6.519444444,1,0,4,4,1
571,546,M,6.716666667,0,0,5,4,0
573,564,M,5.680555556,1,0,5,4,0.5
575,548,M,6.519444444,1,0,5,4,0.5